model_name,optimizer_name,eps,alpha,success_ratio,avg_queries_success,std_queries_success,avg_l2_dist_success,std_l2_dist_success,avg_obj_value,std_obj_value
imagenet,de,0.2,0.1,0.9594594594594594,1169.0140845070423,3597.6749749183496,0.1308251032736939,0.0097285868799628,-2.699707530640267,2.08926094251864
imagenet,gen,0.2,0.1,1.0,1912.162162162162,5942.493623066828,0.1091411452035646,0.0049158690409209,-2.065049960806563,1.6021836791231594
imagenet,gwo,0.2,0.1,0.9864864864864864,3650.68493150685,13982.789061622423,0.0976119935512542,0.0369787839398129,-2.3360997051806063,2.118812439342845
imagenet,jade,0.2,0.1,0.9594594594594594,2739.43661971831,5915.995954470125,0.1133107304782934,0.0119699870374631,-2.218306241808711,1.9554993823948772
